DELETE FROM public.restaurant;
DELETE FROM public.cuisine;
DELETE FROM public.city;
DELETE FROM public.state;
DELETE FROM public.payment_method;

INSERT INTO public.cuisine (id, created_by, updated_by, created_at, updated_at, name) VALUES ('abb6b6f7-e7b2-4507-92f1-e9583b01767b', 'Jane Smith', 'Jane Smith', '2023-06-17 05:54:28.000000', '2023-03-04 06:52:02.000000', 'Italian');
INSERT INTO public.cuisine (id, created_by, updated_by, created_at, updated_at, name) VALUES ('745cb43f-9354-4d8b-8040-029dcd333b0e', 'John Doe', 'John Doe', '2023-01-29 18:57:35.000000', '2023-02-15 07:28:52.000000', 'Mexican');
INSERT INTO public.cuisine (id, created_by, updated_by, created_at, updated_at, name) VALUES ('9e18ef29-73a4-4410-8538-059e31827a05', 'Michael Johnson', 'Michael Johnson', '2022-11-27 13:29:10.000000', '2022-11-21 06:42:35.000000', 'Chinese');
INSERT INTO public.cuisine (id, created_by, updated_by, created_at, updated_at, name) VALUES ('3863f929-6221-49f5-b430-6ae6e418f64e', 'John Doe', 'Emily Davis', '2022-11-25 06:06:17.000000', '2022-12-28 02:07:05.000000', 'Indian');
INSERT INTO public.cuisine (id, created_by, updated_by, created_at, updated_at, name) VALUES ('ec93c25c-d3b7-46e3-b8fb-cb3691fe4d6d', 'John Doe', 'John Doe', '2023-04-20 23:09:18.000000', '2022-12-20 05:23:16.000000', 'Japanese');
INSERT INTO public.cuisine (id, created_by, updated_by, created_at, updated_at, name) VALUES ('2875c834-9af6-4dd7-a5c3-1114d0e77af1', 'John Doe', 'John Doe', '2022-12-20 09:14:29.000000', '2023-02-06 10:59:31.000000', 'Thai');
INSERT INTO public.cuisine (id, created_by, updated_by, created_at, updated_at, name) VALUES ('6534f11d-dc19-4b55-9cc3-ef833c9c445f', 'Jane Smith', 'John Doe', '2023-01-23 05:18:01.000000', '2023-06-20 08:37:39.000000', 'Greek');
INSERT INTO public.cuisine (id, created_by, updated_by, created_at, updated_at, name) VALUES ('451d77f5-2a71-407c-9d59-8007c94d435c', 'John Doe', 'John Doe', '2022-12-26 21:05:23.000000', '2023-06-25 22:10:54.000000', 'French');
INSERT INTO public.cuisine (id, created_by, updated_by, created_at, updated_at, name) VALUES ('0231bb12-4eb7-456b-bd15-7253a4cfd3b0', 'Michael Johnson', 'David Wilson', '2023-07-07 13:03:45.000000', '2022-12-07 11:12:39.000000', 'Spanish');
INSERT INTO public.cuisine (id, created_by, updated_by, created_at, updated_at, name) VALUES ('d2c8ab60-ed25-416a-b8e2-f5e8b9ffbaec', 'David Wilson', 'Michael Johnson', '2023-01-12 13:58:50.000000', '2023-10-05 06:55:54.000000', 'American');

INSERT INTO public.restaurant (id, created_by, updated_by, created_at, updated_at, name, delivery_fee, active, open, cuisine_id) VALUES ('e37dcb61-37a0-46db-8a1c-f888f97649b7', null, null, '2023-10-21 10:07:42.380770', '2023-10-21 10:09:35.037836', 'Sabor Celestial', 1, true, true, 'abb6b6f7-e7b2-4507-92f1-e9583b01767b');
INSERT INTO public.restaurant (id, created_by, updated_by, created_at, updated_at, name, delivery_fee, active, open, cuisine_id) VALUES ('d99cfac7-0f46-4800-95db-4ab81cb912d9', null, null, '2023-10-21 10:07:42.380770', '2023-10-21 10:09:35.037836', 'Mesa dos Sabores', 1, true, false, 'abb6b6f7-e7b2-4507-92f1-e9583b01767b');
INSERT INTO public.restaurant (id, created_by, updated_by, created_at, updated_at, name, delivery_fee, active, open, cuisine_id) VALUES ('9d43d7a1-adc2-464b-8d8c-fd3c9057795d', null, null, '2023-10-21 10:07:42.380770', '2023-10-21 10:09:35.037836', 'Terra & Sabor', 1, true, true, 'abb6b6f7-e7b2-4507-92f1-e9583b01767b');
INSERT INTO public.restaurant (id, created_by, updated_by, created_at, updated_at, name, delivery_fee, active, open, cuisine_id) VALUES ('baa7371b-2ab9-4ec5-8cab-dbb8e3dfd5f9', null, null, '2023-10-21 10:07:42.380770', '2023-10-21 10:09:35.037836', 'Gastronomia Encantada', 1, false, false, '745cb43f-9354-4d8b-8040-029dcd333b0e');
INSERT INTO public.restaurant (id, created_by, updated_by, created_at, updated_at, name, delivery_fee, active, open, cuisine_id) VALUES ('d86b53bd-8449-4910-8676-0794c52ccefd', null, null, '2023-10-21 10:07:42.380770', '2023-10-21 10:09:35.037836', 'Delícias da Estação', 1, true, true, '745cb43f-9354-4d8b-8040-029dcd333b0e');
INSERT INTO public.restaurant (id, created_by, updated_by, created_at, updated_at, name, delivery_fee, active, open, cuisine_id) VALUES ('315d1035-9a3c-48d6-8083-8c434d3eb2ee', null, null, '2023-10-21 10:07:42.380770', '2023-10-21 10:09:35.037836', 'Riqueza no Prato', 1, true, false, '745cb43f-9354-4d8b-8040-029dcd333b0e');
INSERT INTO public.restaurant (id, created_by, updated_by, created_at, updated_at, name, delivery_fee, active, open, cuisine_id) VALUES ('82d5d857-2f9f-466a-b02f-aa13f36feea9', null, null, '2023-10-21 10:07:42.380770', '2023-10-21 10:09:35.037836', 'Sabores Exóticos', 1, true, true, '9e18ef29-73a4-4410-8538-059e31827a05');
INSERT INTO public.restaurant (id, created_by, updated_by, created_at, updated_at, name, delivery_fee, active, open, cuisine_id) VALUES ('9a925fc6-9765-477a-bf87-06c63929137e', null, null, '2023-10-21 10:07:42.380770', '2023-10-21 10:09:35.037836', 'Bistrô da Querência', 1, true, false, '9e18ef29-73a4-4410-8538-059e31827a05');
INSERT INTO public.restaurant (id, created_by, updated_by, created_at, updated_at, name, delivery_fee, active, open, cuisine_id) VALUES ('06c6686f-d1cf-41dd-a0bc-c520ea64abc1', null, null, '2023-10-21 10:07:42.380770', '2023-10-21 10:09:35.037836', 'Gosto da Vida', 1, true, true, '9e18ef29-73a4-4410-8538-059e31827a05');
INSERT INTO public.restaurant (id, created_by, updated_by, created_at, updated_at, name, delivery_fee, active, open, cuisine_id) VALUES ('299efdc5-a6fa-413e-8ec1-3e87cd5f2601', null, null, '2023-10-21 10:07:42.380770', '2023-10-21 10:09:35.037836', 'Cantinho Gourmet', 1, true, true, '3863f929-6221-49f5-b430-6ae6e418f64e');
INSERT INTO public.restaurant (id, created_by, updated_by, created_at, updated_at, name, delivery_fee, active, open, cuisine_id) VALUES ('12a37930-7b3e-4a81-9e33-ce1d269ada25', null, null, '2023-10-21 10:07:42.380770', '2023-10-21 10:09:35.037836', 'Cozinha dos Aromas', 1, false, false, '3863f929-6221-49f5-b430-6ae6e418f64e');
INSERT INTO public.restaurant (id, created_by, updated_by, created_at, updated_at, name, delivery_fee, active, open, cuisine_id) VALUES ('efd31fbb-5a7b-4ab1-8796-6e30127ffae4', null, null, '2023-10-21 10:07:42.380770', '2023-10-21 10:09:35.037836', 'Sabor e Arte', 1, true, false, '3863f929-6221-49f5-b430-6ae6e418f64e');
INSERT INTO public.restaurant (id, created_by, updated_by, created_at, updated_at, name, delivery_fee, active, open, cuisine_id) VALUES ('5dbbf756-fc26-4c6c-8317-004934be5ed6', null, null, '2023-10-21 10:07:42.380770', '2023-10-21 10:09:35.037836', 'Paladar Divino', 1, true, true, 'ec93c25c-d3b7-46e3-b8fb-cb3691fe4d6d');
INSERT INTO public.restaurant (id, created_by, updated_by, created_at, updated_at, name, delivery_fee, active, open, cuisine_id) VALUES ('208281c3-7f51-4159-9e95-6e395095ea43', null, null, '2023-10-21 10:07:42.380770', '2023-10-21 10:09:35.037836', 'Bistrô das Delícias', 1, true, false, 'ec93c25c-d3b7-46e3-b8fb-cb3691fe4d6d');
INSERT INTO public.restaurant (id, created_by, updated_by, created_at, updated_at, name, delivery_fee, active, open, cuisine_id) VALUES ('78977758-4edb-4088-8265-b9001e325923', null, null, '2023-10-21 10:07:42.380770', '2023-10-21 10:09:35.037836', 'Comida dos Deuses', 1, true, true, 'ec93c25c-d3b7-46e3-b8fb-cb3691fe4d6d');
INSERT INTO public.restaurant (id, created_by, updated_by, created_at, updated_at, name, delivery_fee, active, open, cuisine_id) VALUES ('89bce4a6-5cfd-4caa-8d90-19fa30e8dd59', null, null, '2023-10-21 10:07:42.380770', '2023-10-21 10:09:35.037836', 'Estação Gourmet', 1, false, false, '2875c834-9af6-4dd7-a5c3-1114d0e77af1');
INSERT INTO public.restaurant (id, created_by, updated_by, created_at, updated_at, name, delivery_fee, active, open, cuisine_id) VALUES ('c20187a4-fe63-49e7-bbe6-c08be282e626', null, null, '2023-10-21 10:07:42.380770', '2023-10-21 10:09:35.037836', 'Ponto de Sabor', 1, true, true, '2875c834-9af6-4dd7-a5c3-1114d0e77af1');
INSERT INTO public.restaurant (id, created_by, updated_by, created_at, updated_at, name, delivery_fee, active, open, cuisine_id) VALUES ('70cb40bf-33ed-4553-8e1c-9976aead3f0c', null, null, '2023-10-21 10:07:42.380770', '2023-10-21 10:09:35.037836', 'Gula Elegante', 1, false, false, '2875c834-9af6-4dd7-a5c3-1114d0e77af1');
INSERT INTO public.restaurant (id, created_by, updated_by, created_at, updated_at, name, delivery_fee, active, open, cuisine_id) VALUES ('36622d1a-d64b-4260-ad64-d473186e3b51', null, null, '2023-10-21 10:07:42.380770', '2023-10-21 10:09:35.037836', 'Sabores do Oriente', 1, true, true, '6534f11d-dc19-4b55-9cc3-ef833c9c445f');
INSERT INTO public.restaurant (id, created_by, updated_by, created_at, updated_at, name, delivery_fee, active, open, cuisine_id) VALUES ('1c144ff9-bc5d-4e53-8cbb-0899a12d7c95', null, null, '2023-10-21 10:07:42.380770', '2023-10-21 10:09:35.037836', 'Gastronomia Urbana', 1, true, false, '6534f11d-dc19-4b55-9cc3-ef833c9c445f');
INSERT INTO public.restaurant (id, created_by, updated_by, created_at, updated_at, name, delivery_fee, active, open, cuisine_id) VALUES ('17a99b07-9bf7-4a83-b7a3-b229ce42ca7e', null, null, '2023-10-21 10:07:42.380770', '2023-10-21 10:09:35.037836', 'Mesa dos Sentidos', 1, true, true, '6534f11d-dc19-4b55-9cc3-ef833c9c445f');
INSERT INTO public.restaurant (id, created_by, updated_by, created_at, updated_at, name, delivery_fee, active, open, cuisine_id) VALUES ('5ea68138-0ec5-4d13-8a97-4c0cadb51a08', null, null, '2023-10-21 10:07:42.380770', '2023-10-21 10:09:35.037836', 'Encanto Gastronômico', 1, true, false, '6534f11d-dc19-4b55-9cc3-ef833c9c445f');
INSERT INTO public.restaurant (id, created_by, updated_by, created_at, updated_at, name, delivery_fee, active, open, cuisine_id) VALUES ('1fe771c0-d2b4-47ab-813d-9c3f498764f6', null, null, '2023-10-21 10:07:42.380770', '2023-10-21 10:09:35.037836', 'Sabor à Moda', 1, true, true, '6534f11d-dc19-4b55-9cc3-ef833c9c445f');
INSERT INTO public.restaurant (id, created_by, updated_by, created_at, updated_at, name, delivery_fee, active, open, cuisine_id) VALUES ('7971b35e-8754-43d7-8d39-25877b3b81a5', null, null, '2023-10-21 10:07:42.380770', '2023-10-21 10:09:35.037836', 'Restaurante Vida Gourmet', 1, false, false, '6534f11d-dc19-4b55-9cc3-ef833c9c445f');
INSERT INTO public.restaurant (id, created_by, updated_by, created_at, updated_at, name, delivery_fee, active, open, cuisine_id) VALUES ('f2baa040-34dd-432e-8274-8bdd38f96bf9', null, null, '2023-10-21 10:07:42.380770', '2023-10-21 10:09:35.037836', 'Chef na Praça', 1, true, true, '451d77f5-2a71-407c-9d59-8007c94d435c');
INSERT INTO public.restaurant (id, created_by, updated_by, created_at, updated_at, name, delivery_fee, active, open, cuisine_id) VALUES ('189ae13d-8d0e-47ab-bbb3-a82ebe8f0a67', null, null, '2023-10-21 10:07:42.380770', '2023-10-21 10:09:35.037836', 'Deguste e Aprecie', 1, true, true, '451d77f5-2a71-407c-9d59-8007c94d435c');
INSERT INTO public.restaurant (id, created_by, updated_by, created_at, updated_at, name, delivery_fee, active, open, cuisine_id) VALUES ('cac3cb12-0675-46d8-914e-4fd4d4de8314', null, null, '2023-10-21 10:07:42.380770', '2023-10-21 10:09:35.037836', 'Sabor e Companhia', 1, false, false, '451d77f5-2a71-407c-9d59-8007c94d435c');
INSERT INTO public.restaurant (id, created_by, updated_by, created_at, updated_at, name, delivery_fee, active, open, cuisine_id) VALUES ('d8fc5942-dea8-4f20-9a89-5e841c2843ef', null, null, '2023-10-21 10:07:42.380770', '2023-10-21 10:09:35.037836', 'Refúgio Gastronômico', 1, true, true, '0231bb12-4eb7-456b-bd15-7253a4cfd3b0');
INSERT INTO public.restaurant (id, created_by, updated_by, created_at, updated_at, name, delivery_fee, active, open, cuisine_id) VALUES ('0929836c-804d-4f98-a216-01e25c66a7f2', null, null, '2023-10-21 10:07:42.380770', '2023-10-21 10:09:35.037836', 'Gosto e Sossego', 1, true, false, '0231bb12-4eb7-456b-bd15-7253a4cfd3b0');
INSERT INTO public.restaurant (id, created_by, updated_by, created_at, updated_at, name, delivery_fee, active, open, cuisine_id) VALUES ('af0e599d-351f-4a1f-9ce2-563edb52fcd4', null, null, '2023-10-21 10:07:42.380770', '2023-10-21 10:09:35.037836', 'Cozinha Criativa', 1, true, false, '0231bb12-4eb7-456b-bd15-7253a4cfd3b0');
INSERT INTO public.restaurant (id, created_by, updated_by, created_at, updated_at, name, delivery_fee, active, open, cuisine_id) VALUES ('d17d44ef-48ed-4953-b96d-b018c90d8d51', null, null, '2023-10-21 10:07:42.380770', '2023-10-21 10:09:35.037836', 'Banquete à Beira-Mar', 1, true, true, 'd2c8ab60-ed25-416a-b8e2-f5e8b9ffbaec');
INSERT INTO public.restaurant (id, created_by, updated_by, created_at, updated_at, name, delivery_fee, active, open, cuisine_id) VALUES ('7b3a1a61-8f73-44df-b170-c89380dabf40', null, null, '2023-10-21 10:07:42.380770', '2023-10-21 10:09:35.037836', 'Sabor e Simplicidade', 1, false, false, 'd2c8ab60-ed25-416a-b8e2-f5e8b9ffbaec');
INSERT INTO public.restaurant (id, created_by, updated_by, created_at, updated_at, name, delivery_fee, active, open, cuisine_id) VALUES ('01051581-018e-4ee9-996f-83d6753cc237', null, null, '2023-10-21 10:07:42.380770', '2023-10-21 10:09:35.037836', 'Cantina do Bem Comer', 1, true, true, 'd2c8ab60-ed25-416a-b8e2-f5e8b9ffbaec');

INSERT INTO public.state (id, created_by, updated_by, created_at, updated_at, name) VALUES ('069ff2d2-23b4-443a-9ad6-35cbe7261018', null, null, '2023-10-21 05:54:02.116068', '2023-10-21 05:54:02.116188', 'São Paulo');
INSERT INTO public.state (id, created_by, updated_by, created_at, updated_at, name) VALUES ('d57bd08b-cac6-463e-b37b-80b6b6a8f730', null, null, '2023-10-21 05:54:02.116068', '2023-10-21 05:54:02.116188', 'Piaui');
INSERT INTO public.state (id, created_by, updated_by, created_at, updated_at, name) VALUES ('722d3cb6-ae9f-403e-8be3-303b5058793c', null, null, '2023-10-21 05:54:02.116068', '2023-10-21 05:54:02.116188', 'Minas Gerais');
INSERT INTO public.state (id, created_by, updated_by, created_at, updated_at, name) VALUES ('f61677c2-d793-4658-af72-fb12695e364b', null, null, '2023-10-21 05:54:02.116068', '2023-10-21 05:54:02.116188', 'Rio de Janeiro');
INSERT INTO public.state (id, created_by, updated_by, created_at, updated_at, name) VALUES ('87125487-f512-4e6f-8cfc-0a4c63346001', null, null, '2023-10-21 05:54:02.116068', '2023-10-21 05:54:02.116188', 'Bahia');
INSERT INTO public.state (id, created_by, updated_by, created_at, updated_at, name) VALUES ('99154ae2-9c01-45e3-9498-4c776a160396', null, null, '2023-10-21 05:54:02.116068', '2023-10-21 05:54:02.116188', 'Paraná');
INSERT INTO public.state (id, created_by, updated_by, created_at, updated_at, name) VALUES ('080814bb-f62f-480e-acd5-61d4dbd75c2c', null, null, '2023-10-21 05:54:02.116068', '2023-10-21 05:54:02.116188', 'Rio Grande do Sul');
INSERT INTO public.state (id, created_by, updated_by, created_at, updated_at, name) VALUES ('1db79bf8-85bd-4796-9eca-81c4a3d3c696', null, null, '2023-10-21 05:54:02.116068', '2023-10-21 05:54:02.116188', 'Santa Catarina');
INSERT INTO public.state (id, created_by, updated_by, created_at, updated_at, name) VALUES ('ddcd3fa4-a44d-4171-a773-278af60d1909', null, null, '2023-10-21 05:54:02.116068', '2023-10-21 05:54:02.116188', 'Goiás');
INSERT INTO public.state (id, created_by, updated_by, created_at, updated_at, name) VALUES ('a7df33ce-01ce-4f7a-8741-48470010b943', null, null, '2023-10-21 05:54:02.116068', '2023-10-21 05:54:02.116188', 'Pernambuco');

INSERT INTO public.city (id, created_by, updated_by, created_at, updated_at, name, state_id) VALUES ('8a360db7-9056-4379-a681-500f134bf6b2', null, null, '2023-10-21 10:27:04.020198', '2023-10-21 10:27:04.020226', 'São Paulo', '069ff2d2-23b4-443a-9ad6-35cbe7261018');
INSERT INTO public.city (id, created_by, updated_by, created_at, updated_at, name, state_id) VALUES ('ab9076ed-b1c2-4c99-be04-c29a54cb3af7', null, null, '2023-10-21 10:27:09.135686', '2023-10-21 10:27:09.135698', 'Campinas', '069ff2d2-23b4-443a-9ad6-35cbe7261018');
INSERT INTO public.city (id, created_by, updated_by, created_at, updated_at, name, state_id) VALUES ('37dc4313-9fcb-4550-bfaf-60dc986c8d2a', null, null, '2023-10-21 10:27:09.838804', '2023-10-21 10:27:09.838818', 'Santos', '069ff2d2-23b4-443a-9ad6-35cbe7261018');
INSERT INTO public.city (id, created_by, updated_by, created_at, updated_at, name, state_id) VALUES ('570f58d7-8c64-4921-965d-b689545db5f9', null, null, '2023-10-21 10:27:10.325725', '2023-10-21 10:27:10.325760', 'Teresina', 'd57bd08b-cac6-463e-b37b-80b6b6a8f730');
INSERT INTO public.city (id, created_by, updated_by, created_at, updated_at, name, state_id) VALUES ('a396977f-b929-4bfb-b172-411b2120c8b1', null, null, '2023-10-21 10:27:10.905433', '2023-10-21 10:27:10.905451', 'Paraiba', 'd57bd08b-cac6-463e-b37b-80b6b6a8f730');
INSERT INTO public.city (id, created_by, updated_by, created_at, updated_at, name, state_id) VALUES ('56e87d26-be4a-465e-9379-437bcae772c9', null, null, '2023-10-21 10:27:11.222058', '2023-10-21 10:27:11.222082', 'Picos', 'd57bd08b-cac6-463e-b37b-80b6b6a8f730');
INSERT INTO public.city (id, created_by, updated_by, created_at, updated_at, name, state_id) VALUES ('cfdf740e-6205-437d-8150-fa4f64a45cfd', null, null, '2023-10-21 10:27:11.363292', '2023-10-21 10:27:11.363308', 'Belo Horizonte', '722d3cb6-ae9f-403e-8be3-303b5058793c');
INSERT INTO public.city (id, created_by, updated_by, created_at, updated_at, name, state_id) VALUES ('76cfde03-a10a-4bbf-af94-4eb79a979a03', null, null, '2023-10-21 10:27:11.715922', '2023-10-21 10:27:11.715934', 'Ouro Preto', '722d3cb6-ae9f-403e-8be3-303b5058793c');
INSERT INTO public.city (id, created_by, updated_by, created_at, updated_at, name, state_id) VALUES ('87226681-42d4-4ffa-9602-68d2bab0b9d9', null, null, '2023-10-21 10:27:11.747824', '2023-10-21 10:27:11.747838', 'Uberlândia', '722d3cb6-ae9f-403e-8be3-303b5058793c');
INSERT INTO public.city (id, created_by, updated_by, created_at, updated_at, name, state_id) VALUES ('b9c45c6a-1966-4865-a05d-9461a77faed2', null, null, '2023-10-21 10:27:11.883603', '2023-10-21 10:27:11.883622', 'Rio de Janeiro', 'f61677c2-d793-4658-af72-fb12695e364b');
INSERT INTO public.city (id, created_by, updated_by, created_at, updated_at, name, state_id) VALUES ('6085bad3-28c4-4fb9-be07-1c8a9cf44cba', null, null, '2023-10-21 10:27:12.168979', '2023-10-21 10:27:12.168998', 'Petrópolis', 'f61677c2-d793-4658-af72-fb12695e364b');
INSERT INTO public.city (id, created_by, updated_by, created_at, updated_at, name, state_id) VALUES ('a3be71ea-15e8-436a-bec2-440eb8a46deb', null, null, '2023-10-21 10:27:12.233694', '2023-10-21 10:27:12.233713', 'Niterói', 'f61677c2-d793-4658-af72-fb12695e364b');
INSERT INTO public.city (id, created_by, updated_by, created_at, updated_at, name, state_id) VALUES ('9d52608a-c245-432d-8cbd-e8f2622dd76c', null, null, '2023-10-21 10:27:12.611119', '2023-10-21 10:27:12.611140', 'Salvador', '87125487-f512-4e6f-8cfc-0a4c63346001');
INSERT INTO public.city (id, created_by, updated_by, created_at, updated_at, name, state_id) VALUES ('010ce1be-ee50-4bce-afd9-2833e59c2e0e', null, null, '2023-10-21 10:27:12.931676', '2023-10-21 10:27:12.931687', 'Itabuna', '87125487-f512-4e6f-8cfc-0a4c63346001');
INSERT INTO public.city (id, created_by, updated_by, created_at, updated_at, name, state_id) VALUES ('5f0530b1-7da2-4b23-accd-38b7c5b72d21', null, null, '2023-10-21 10:27:13.259106', '2023-10-21 10:27:13.259144', 'Feira de Santana', '87125487-f512-4e6f-8cfc-0a4c63346001');
INSERT INTO public.city (id, created_by, updated_by, created_at, updated_at, name, state_id) VALUES ('8eaa966e-f19c-4d73-964d-b0d6904eb103', null, null, '2023-10-21 10:27:13.599820', '2023-10-21 10:27:13.599838', 'Londrina', '99154ae2-9c01-45e3-9498-4c776a160396');
INSERT INTO public.city (id, created_by, updated_by, created_at, updated_at, name, state_id) VALUES ('3c01e338-4b30-4b9a-9829-a864a38658e6', null, null, '2023-10-21 10:27:13.941902', '2023-10-21 10:27:13.941914', 'Maringá', '99154ae2-9c01-45e3-9498-4c776a160396');
INSERT INTO public.city (id, created_by, updated_by, created_at, updated_at, name, state_id) VALUES ('f6c90fd7-2511-4c7a-9aa8-6b2e3f84b8bc', null, null, '2023-10-21 10:27:14.269201', '2023-10-21 10:27:14.269219', 'Curitiba', '99154ae2-9c01-45e3-9498-4c776a160396');
INSERT INTO public.city (id, created_by, updated_by, created_at, updated_at, name, state_id) VALUES ('f5019a4e-ab57-4c5f-8d3b-06f187b34f76', null, null, '2023-10-21 10:27:14.407965', '2023-10-21 10:27:14.407988', 'Porto Alegre', '080814bb-f62f-480e-acd5-61d4dbd75c2c');
INSERT INTO public.city (id, created_by, updated_by, created_at, updated_at, name, state_id) VALUES ('2015a5ed-c75b-4403-828f-d010fcd4927b', null, null, '2023-10-21 10:27:14.883257', '2023-10-21 10:27:14.883275', 'Caxias do Sul', '080814bb-f62f-480e-acd5-61d4dbd75c2c');
INSERT INTO public.city (id, created_by, updated_by, created_at, updated_at, name, state_id) VALUES ('0eabb2fa-cae4-451c-a4c2-b78363820e4c', null, null, '2023-10-21 10:27:14.407965', '2023-10-21 10:27:14.407988', 'Pelotas', '080814bb-f62f-480e-acd5-61d4dbd75c2c');
INSERT INTO public.city (id, created_by, updated_by, created_at, updated_at, name, state_id) VALUES ('32554346-da85-4993-b943-c5aa562599b4', null, null, '2023-10-21 10:27:14.883257', '2023-10-21 10:27:14.883275', 'Florianópolis', '1db79bf8-85bd-4796-9eca-81c4a3d3c696');
INSERT INTO public.city (id, created_by, updated_by, created_at, updated_at, name, state_id) VALUES ('95264d75-9d76-43e1-a683-637a8630d3d3', null, null, '2023-10-21 10:27:14.407965', '2023-10-21 10:27:14.407988', 'Joinville', '1db79bf8-85bd-4796-9eca-81c4a3d3c696');
INSERT INTO public.city (id, created_by, updated_by, created_at, updated_at, name, state_id) VALUES ('ce3a1e74-9f0e-47ba-b6fe-515192d33159', null, null, '2023-10-21 10:27:14.883257', '2023-10-21 10:27:14.883275', 'Blumenau', '1db79bf8-85bd-4796-9eca-81c4a3d3c696');
INSERT INTO public.city (id, created_by, updated_by, created_at, updated_at, name, state_id) VALUES ('bc885893-3d9b-4802-b6fe-24b7b6352b54', null, null, '2023-10-21 10:27:14.407965', '2023-10-21 10:27:14.407988', 'Anápolis', 'ddcd3fa4-a44d-4171-a773-278af60d1909');
INSERT INTO public.city (id, created_by, updated_by, created_at, updated_at, name, state_id) VALUES ('1cdd2b88-cb50-4166-9c47-0418713f16ae', null, null, '2023-10-21 10:27:14.883257', '2023-10-21 10:27:14.883275', 'Goiânia', 'ddcd3fa4-a44d-4171-a773-278af60d1909');
INSERT INTO public.city (id, created_by, updated_by, created_at, updated_at, name, state_id) VALUES ('377fcbaa-395e-4be9-97c3-81df73167a11', null, null, '2023-10-21 10:27:14.407965', '2023-10-21 10:27:14.407988', 'Aparecida de Goiânia', 'ddcd3fa4-a44d-4171-a773-278af60d1909');
INSERT INTO public.city (id, created_by, updated_by, created_at, updated_at, name, state_id) VALUES ('a290793c-1dab-4228-ac86-d629817782c2', null, null, '2023-10-21 10:27:14.883257', '2023-10-21 10:27:14.883275', 'Recife', 'a7df33ce-01ce-4f7a-8741-48470010b943');
INSERT INTO public.city (id, created_by, updated_by, created_at, updated_at, name, state_id) VALUES ('619c9e93-9c69-4652-938b-06ed16669246', null, null, '2023-10-21 10:27:14.407965', '2023-10-21 10:27:14.407988', 'Caruaru', 'a7df33ce-01ce-4f7a-8741-48470010b943');
INSERT INTO public.city (id, created_by, updated_by, created_at, updated_at, name, state_id) VALUES ('12fd6a92-2af3-4f69-8720-ba3a641b5456', null, null, '2023-10-21 10:27:14.883257', '2023-10-21 10:27:14.883275', 'Petrolina', 'a7df33ce-01ce-4f7a-8741-48470010b943');

INSERT INTO public.payment_method (id, created_by, updated_by, created_at, updated_at, description) VALUES ('bf5a389e-a64e-4eb5-ab3d-8d73baf59e7d', null, null, '2023-10-21 10:28:30.565456', '2023-10-21 10:28:30.565466', 'Cartão de crédito');
INSERT INTO public.payment_method (id, created_by, updated_by, created_at, updated_at, description) VALUES ('763defe0-5683-42aa-8b81-df7367bb224e', null, null, '2023-10-21 10:28:30.565456', '2023-10-21 10:28:30.565466', 'Cartão de débito');
INSERT INTO public.payment_method (id, created_by, updated_by, created_at, updated_at, description) VALUES ('a84b34dd-807e-476a-ba21-a70c5f8cc266', null, null, '2023-10-21 10:28:30.565456', '2023-10-21 10:28:30.565466', 'Transferência bancária');
INSERT INTO public.payment_method (id, created_by, updated_by, created_at, updated_at, description) VALUES ('4533eaa4-7d8f-4128-a6fa-4350ef4aadf7', null, null, '2023-10-21 10:28:30.565456', '2023-10-21 10:28:30.565466', 'Boleto bancário');
INSERT INTO public.payment_method (id, created_by, updated_by, created_at, updated_at, description) VALUES ('c1648f87-ea76-43b5-a5f3-850aab0f679e', null, null, '2023-10-21 10:28:30.565456', '2023-10-21 10:28:30.565466', 'PIX');
INSERT INTO public.payment_method (id, created_by, updated_by, created_at, updated_at, description) VALUES ('74fb4592-33ee-405c-9f3c-a86a34faf489', null, null, '2023-10-21 10:28:30.565456', '2023-10-21 10:28:30.565466', 'Cartão vale refeição');
INSERT INTO public.payment_method (id, created_by, updated_by, created_at, updated_at, description) VALUES ('1aa11b67-caa3-4296-bf3e-96c957df648d', null, null, '2023-10-21 10:28:30.565456', '2023-10-21 10:28:30.565466', 'Cartão vale alimentação');
INSERT INTO public.payment_method (id, created_by, updated_by, created_at, updated_at, description) VALUES ('324563a2-7651-406b-a72b-5b766e669b1b', null, null, '2023-10-21 10:28:30.565456', '2023-10-21 10:28:30.565466', 'Pagamento por QR Code');
INSERT INTO public.payment_method (id, created_by, updated_by, created_at, updated_at, description) VALUES ('6ae60d0b-ec59-4b6f-beac-ed786a8fc44f', null, null, '2023-10-21 10:28:30.565456', '2023-10-21 10:28:30.565466', 'PayPal');
INSERT INTO public.payment_method (id, created_by, updated_by, created_at, updated_at, description) VALUES ('09faeafc-8d48-4e3c-bd19-d4cbfb95daa3', null, null, '2023-10-21 10:28:30.565456', '2023-10-21 10:28:30.565466', 'Boleto');

